"FY_label","NumYear","Scenario","DevolutionShare_15FC","DevolutionShare_16FC","TaxDevolutionCr","AnnualFCGrantCr","NonFCGrantsHeldAt2026Cr","OwnRevenueCr","RevenueReceiptsCr","RevenueExpenditureCr","RevenueBalanceCr","RevenueBalance_GSDP","FCGrantTotal2026_31Cr","RuralLocalBodyGrant2026_31Cr","UrbanLocalBodyGrant2026_31Cr","DisasterGrant2026_31Cr"
"2026-27",2026,"Illustrative 8 pct nominal devolution and expenditure growth",1.76,1.35,20665,509.6,4500,5208,30882.6,27061.6596,3820.9404,9.2485365735586,2548,1698,234,616
"2027-28",2027,"Illustrative 8 pct nominal devolution and expenditure growth",1.76,1.35,22318.2,509.6,4500,5624.64,32952.44,29226.592368,3725.847632,8.35033867095541,2548,1698,234,616
"2028-29",2028,"Illustrative 8 pct nominal devolution and expenditure growth",1.76,1.35,24103.656,509.6,4500,6074.6112,35187.8672,31564.71975744,3623.14744256,7.51867394632283,2548,1698,234,616
"2029-30",2029,"Illustrative 8 pct nominal devolution and expenditure growth",1.76,1.35,26031.94848,509.6,4500,6560.580096,37602.128576,34089.8973380352,3512.2312379648,6.74861401610747,2548,1698,234,616
"2030-31",2030,"Illustrative 8 pct nominal devolution and expenditure growth",1.76,1.35,28114.5043584,509.6,4500,7085.42650368,40209.53086208,36817.089125078,3392.44173700198,6.03559556220436,2548,1698,234,616
